KD,
KD,
KD,
KD,
KD,
KD-Direct,
KD,
KD,
KD,
KD-Direct,
KD,
KD,
KD,
KD,
KD-Direct,
KD,
KD,
KD-Direct,
KD,
KD,
KD,
KD,
KD,
KD-Direct,
KD,
KD,
KD,
KD,
KD,
KD,
KD,
KD,
KD,
KD,
KD,
KD,
KD,
KD,
KD,
KD,
KD,
KD,
KD,
KD,
KD,
KD,
KD,
KD,
KD,
KD,
KD,
KD,
KD,
KD,
KD,
KD,
KD,
KD,
KD,
KD,
KD,
KD-Direct,
KD-Direct,
KD,
KD,
KD,
KD,
KD,
KD,
KD,
KD-Direct,
,KD-Direct
,
Broadening,
Broadening,
Broadening,
Broadening,
Broadening,
Broadening,
Broadening,
Broadening,
Broadening,
Broadening,
Broadening,
Broadening,
Broadening,
Broadening,
Broadening,
Broadening,
Broadening,
Broadening,
Broadening,
Broadening,
Broadening,
Broadening,
Broadening,
Broadening,
Broadening,
Broadening,
Broadening,
Broadening,
Broadening,
Broadening,
Broadening,
Broadening,
Broadening,
Broadening,
Broadening,
Broadening,
Broadening,
Broadening,
Broadening,
Broadening,
Broadening,
Broadening,
Broadening,
Broadening,
Broadening,
Broadening,
Broadening,
Broadening,
Broadening,
Broadening,
Broadening,
Broadening,
Broadening,
Broadening,
Broadening,
Broadening,
Broadening,
Broadening,
Broadening,
Broadening,
Broadening,
Broadening,
Broadening,
Broadening,
Broadening,
Broadening,
